Zero2AI - Automation ROI Calculator,,,,
Calculate your return on investment for AI automation,,,,
Visit: zero2ai.com,,,,
,,,,
YOUR INFORMATION,,,,
Company Name,[Enter Here],,,
Industry,[Dropdown: AI Automation / E-commerce / Services / Other],,,
,,,,
TIME SAVINGS,,,,
Hours spent on task per week,[Enter Hours],,hours,
Hourly Cost (Salary + Overhead),[Enter $],,USD,
Automation Type,[Dropdown: Full Automation / Partial Automation],,,
Time Savings Percentage,[FORMULA: IF Full=87.5% IF Partial=50%],,percent,
Hours Saved Per Week,[FORMULA: Hours * Savings %],,hours,
Monthly Time Savings,[FORMULA: Weekly Hours * 4.33],,hours,
Annual Time Savings,[FORMULA: Weekly Hours * 52],,hours,
,,,,
COST ANALYSIS,,,,
Monthly Labor Cost,[FORMULA: Hourly Cost * Monthly Hours],,USD,
Annual Labor Savings,[FORMULA: Hourly Cost * Annual Hours],,USD,
Monthly Error Cost (10%),[FORMULA: Monthly Labor * 0.10],,USD,
Error Reduction Savings (93%),[FORMULA: Error Cost * 0.93],,USD,
Annual Error Savings,[FORMULA: Monthly Error Savings * 12],,USD,
,,,,
REVENUE IMPACT,,,,
Service Type,[Dropdown: See instructions sheet],,,
Current Monthly Revenue,[Enter $],,USD,
Revenue Increase %,[FORMULA: VLOOKUP Service Type],,%,
Monthly Revenue Increase,[FORMULA: Revenue * Increase %],,USD,
Annual Revenue Increase,[FORMULA: Monthly * 12],,USD,
,,,,
INVESTMENT COST,,,,
One-time Setup Cost,[Enter $],,USD,
Monthly Maintenance Cost,[Enter $],,USD,
Annual Maintenance Cost,[FORMULA: Monthly * 12],,USD,
Total First Year Cost,[FORMULA: Setup + Annual Maintenance],,USD,
,,,,
ROI SUMMARY,,,,
Total Annual Savings,[FORMULA: Labor + Error Savings],,USD,RESULT
Total Annual Revenue Increase,[FORMULA: From above],,USD,RESULT
Total Annual Benefit,[FORMULA: Savings + Revenue],,USD,RESULT
Total Investment (Year 1),[FORMULA: From above],,USD,RESULT
Net Benefit (Year 1),[FORMULA: Benefit - Investment],,USD,RESULT
ROI Percentage,[FORMULA: (Net/Investment)*100],,%,RESULT
Payback Period,[FORMULA: Investment/(Benefit/12)],,months,RESULT
3-Year Total ROI,[FORMULA: ((Benefit*3-Investment)/Investment)*100],,%,RESULT
,,,,
SERVICE TYPE REVENUE INCREASES,,,,
AI Automation,25%,,,
AI Chatbot,35%,,,
Lead Generation,45%,,,
Customer Support,30%,,,
Social Media,20%,,,
E-commerce,40%,,,
Website/SaaS,50%,,,

